title,link,published,summary,feed_tag,article_tags,source,ingestion_date
What Most Relationships Don’t Teach Men,https://medium.com/@asuquokevin2003/what-most-relationships-dont-teach-men-55e36962c971?source=rss------dating-5,"Wed, 25 Feb 2026 16:03:39 GMT",Listening is more powerful than adviceContinue reading on Medium »,dating,"['relationships', 'this-happened-to-me', 'marriage', 'self-improvement', 'dating']",medium,2026-02-25
These Relationship Skills Will Keep Your Love Fresh Forever,https://medium.com/@lauramiller19/these-relationship-skills-will-keep-your-love-fresh-forever-bda37702dc94?source=rss------dating-5,"Wed, 25 Feb 2026 16:01:07 GMT","Discover the proven techniques men use to build stronger, more passionate relationships that stand the test of timeContinue reading on Medium »",dating,"['relationships', 'advice', 'love', 'dating', 'emotional']",medium,2026-02-25
taking interest in your interests,https://medium.com/@ad_rielle/taking-interest-in-your-interests-cf34b9a54e98?source=rss------dating-5,"Wed, 25 Feb 2026 16:00:19 GMT",on curiosity as a love languageContinue reading on Medium »,dating,"['curiosity', 'love-language', 'simple-things-that-matter', 'dating', 'relationships']",medium,2026-02-25
Key #54: The Power of the Playful Challenge (Igniting “Game Mode”),https://medium.com/@taycaoco/key-54-the-power-of-the-playful-challenge-igniting-game-mode-56756e5aff34?source=rss------dating-5,"Wed, 25 Feb 2026 15:26:55 GMT","A woman once told me, with a distinct smile of reminiscence:Continue reading on Medium »",dating,"['self-improvement', 'relationships', 'psychology', 'social-dynamics', 'dating']",medium,2026-02-25
The Rest of the Story…,https://medium.com/@FrankLazarusTheMurderHobbyist/the-rest-of-the-story-914969bc4ff2?source=rss------dating-5,"Wed, 25 Feb 2026 15:11:01 GMT",103 FIRST DATES: MISMATCHDOTCOMContinue reading on Medium »,dating,"['dating', 'humor', 'relationships']",medium,2026-02-25
The Truth: When Someone ‘Stops Trying’ in a Relationship,https://medium.com/hello-love/the-truth-about-what-it-means-when-someone-stops-trying-in-a-relationship-b05d95364b9a?source=rss------dating-5,"Wed, 25 Feb 2026 15:01:06 GMT","The truth behind a fading relationship effort.Continue reading on Hello, Love »",dating,"['relationships', 'psychology', 'dating', 'love', 'mindfulness']",medium,2026-02-25
Modern Dating Challenges No One Talks About,https://medium.com/@clients.up.ms/modern-dating-challenges-no-one-talks-about-e90afed22cce?source=rss------dating-5,"Wed, 25 Feb 2026 15:01:06 GMT",You leave the date replaying everything in your head.Continue reading on Medium »,dating,"['relationships', 'relationships-love-dating', 'relationship-advice', 'dating']",medium,2026-02-25
Why a Woman Who Wants to Leave — and Has Already Decided to Leave — Doesn’t Do It,https://medium.com/@relationships_place/why-a-woman-who-wants-to-leave-and-has-already-decided-to-leave-doesnt-do-it-27a90e973eed?source=rss------dating-5,"Wed, 25 Feb 2026 15:01:06 GMT",There’s one thing men rarely notice in time: the moment a woman has already decided to leave.Continue reading on Medium »,dating,"['sexuality', 'men', 'dating', 'intimacy', 'women']",medium,2026-02-25
10 THINGS MATURE COUPLES NEVER POST ONLINE,https://medium.com/@sandraox115/10-things-mature-couples-never-post-online-03a44331b27b?source=rss------dating-5,"Wed, 25 Feb 2026 14:35:04 GMT","Maturity in love is not about hiding
It is about protecting what is sacred
Not everything beautiful needs an audienceContinue reading on Medium »",dating,"['marriage', 'life-lessons', 'dating', 'relationships', 'life']",medium,2026-02-25
The Nice Guy Trap: Why You Mastered the Game But Still Feel Empty,https://medium.com/@wewinning/the-nice-guy-trap-why-you-mastered-the-game-but-still-feel-empty-c94b7ac80889?source=rss------dating-5,"Wed, 25 Feb 2026 14:26:35 GMT",You’re Winning ; But You Don’t Feel Like Yourself.Continue reading on Medium »,dating,"['women', 'self-improvement', 'dating', 'men', 'sovereignty']",medium,2026-02-25
The Legal System Can End a Marriage. It Cannot Rebuild aWoman,https://medium.com/@alennatrusik/the-legal-system-can-end-a-marriage-it-cannot-rebuild-awoman-3c839b83a5bb?source=rss------divorce-5,"Wed, 25 Feb 2026 15:56:30 GMT","For over two decades, I helped women legally end their marriages. I negotiated high-asset settlements, litigated custody disputes…Continue reading on Medium »",divorce,"['emotional-intelligence', 'divorce', 'womens-health', 'trauma', 'spiritual-growth']",medium,2026-02-25
Uncontested vs. Contested Divorce: Which One Is Right for You?,https://medium.com/@TargetSEOSolutions/uncontested-vs-contested-divorce-which-one-is-right-for-you-50ca1a79b228?source=rss------divorce-5,"Wed, 25 Feb 2026 15:36:00 GMT","Divorce is never easy, but understanding your legal options can make the process more manageable. In Georgia, divorces generally fall into…Continue reading on Medium »",divorce,"['divorce-attorneys', 'divorce', 'divorce-lawyer', 'divorce-counseling', 'divorce-attorney-georgia']",medium,2026-02-25
"Divorce, Custody & Support in Peoria: A 2026 Legal Guide",https://medium.com/@simondslawgroup.us/divorce-custody-support-in-peoria-a-2026-legal-guide-58be36bdebc1?source=rss------divorce-5,"Wed, 25 Feb 2026 12:35:58 GMT","Divorce can feel like your world has flipped upside down. The worry about your children, your finances, and what comes next can be…Continue reading on Medium »",divorce,"['divorce', 'divorce-lawyer', 'child-suppot-az', 'divorce-attorneys']",medium,2026-02-25
"Counseling for Marriage Breakup: Support, Healing, and a New Beginning",https://medium.com/@raghavsaini2325/counseling-for-marriage-breakup-support-healing-and-a-new-beginning-fe46de7a4a0a?source=rss------divorce-5,"Wed, 25 Feb 2026 09:21:46 GMT","Compassionate Support to Help You Heal, Rebuild, and Move ForwardContinue reading on Medium »",divorce,"['breakups', 'marriage', 'divorce', 'therapy', 'healing']",medium,2026-02-25
What Business Owners Need to Know Before A Separation,https://medium.com/@thedivorcemag/what-business-owners-need-to-know-before-a-separation-29b4f6532ba9?source=rss------divorce-5,"Wed, 25 Feb 2026 09:01:05 GMT","Divorce is never easy and if you own a business, it does carry additional complexity. Over the past three decades, Mark Betteridge has…Continue reading on Medium »",divorce,"['legal', 'business', 'advice', 'divorce']",medium,2026-02-25
The Hidden Camera That Exposed My Wife and My Brother’s Darkest Betrayal,https://medium.com/@aqsa29489/the-hidden-camera-that-exposed-my-wife-and-my-brothers-darkest-betrayal-690b04769b56?source=rss------divorce-5,"Wed, 25 Feb 2026 08:24:15 GMT",Continue reading on Medium »,divorce,"['betrayal', 'love', 'relationships', 'cheating', 'divorce']",medium,2026-02-25
"We didn’t divorce, but something between us died.",https://medium.com/women-write/we-didnt-divorce-but-something-between-us-died-015e6111b23d?source=rss------divorce-5,"Wed, 25 Feb 2026 08:20:30 GMT",We just stopped finding each other in the dark.Continue reading on Women Write »,divorce,"['lonliness-in-marriage', 'divorce', 'marriage']",medium,2026-02-25
Irreconcilable Differences” — What Divorce Law Actually Means (And Nobody Tells You),https://medium.com/@theseriouspanda2022/irreconcilable-differences-what-divorce-law-actually-means-and-nobody-tells-you-9527a5950e6e?source=rss------divorce-5,"Wed, 25 Feb 2026 06:11:45 GMT",The legal process that affects millions of Americans every year is also one of the least understood. Here’s what you actually need to know.Continue reading on Medium »,divorce,"['legal', 'divorce', 'how-to-file-for-divorce', 'dissolution-of-marriage', 'family-law']",medium,2026-02-25
Spousal Support vs. Alimony in PA: What’s the Difference and When It Applies,https://medium.com/@divorcedifferentlywsi/spousal-support-vs-alimony-in-pa-whats-the-difference-and-when-it-applies-6519f6e64fe1?source=rss------divorce-5,"Wed, 25 Feb 2026 05:02:05 GMT",Financial uncertainty is one of the first challenges many people face during separation or divorce. Among the most misunderstood topics is…Continue reading on Medium »,divorce,"['family', 'legal', 'divorce', 'lawyers']",medium,2026-02-25
Love Is Not a Lightning Strike,https://medium.com/illumination/love-is-not-a-lightning-strike-00b488313b99?source=rss------divorce-5,"Wed, 25 Feb 2026 01:26:00 GMT",Continue reading on ILLUMINATION »,divorce,"['relationships', 'marriage', 'love', 'affairs', 'divorce']",medium,2026-02-25
Do you know’ve a bipolar friend who is mean?,https://medium.com/@wednesdayalex007/do-you-knowve-a-bipolar-friend-who-is-mean-b6989c4537b2?source=rss------friendship-5,"Wed, 25 Feb 2026 16:05:59 GMT",This is a true story. Part I of IIContinue reading on Medium »,friendship,"['love', 'true-story', 'empathy', 'friendship', 'bipolar']",medium,2026-02-25
Title : Parents think of us as ROI,https://medium.com/@sys690724/title-parents-think-of-us-as-roi-e4065f4319c0?source=rss------friendship-5,"Wed, 25 Feb 2026 16:01:43 GMT",Sometimes I don’t feel like a child…Continue reading on Medium »,friendship,"['friendship', 'life', 'family', 'psychology', 'parenting']",medium,2026-02-25
The Bench Talk,https://medium.com/@Yug_nh/the-bench-talk-4035d67cfb30?source=rss------friendship-5,"Wed, 25 Feb 2026 15:10:47 GMT","Two friends. One bench. One question: is it better to be alone, or with people who laugh at you?Continue reading on Medium »",friendship,"['belonging', 'friendship', 'lonliness', 'identity', 'selfwoth']",medium,2026-02-25
When wrong feels normal,https://medium.com/@joelletricia/when-wrong-feels-normal-327a8d498474?source=rss------friendship-5,"Wed, 25 Feb 2026 14:59:31 GMT","Courage is choosing to see, speak, and stand anywayContinue reading on Medium »",friendship,"['life-lessons', 'friendship', 'relationships', 'self-awareness']",medium,2026-02-25
How Time Reveals True Character in Relationships,https://medium.com/@flaye-kate88/how-time-reveals-true-character-in-relationships-efd62ef3f2a6?source=rss------friendship-5,"Wed, 25 Feb 2026 14:36:01 GMT",Time Always Reveals the Truest HeartsContinue reading on Medium »,friendship,"['personal-growth', 'relationships', 'letting-go', 'life-lessons', 'friendship']",medium,2026-02-25
Befriending Your Best Friend’s Husband,https://medium.com/@bloomandjudas/befriending-your-best-friends-husband-1b59ea030c93?source=rss------friendship-5,"Wed, 25 Feb 2026 14:33:26 GMT","Weekend trip in Boulder Colorado, feat Bad VegetarianContinue reading on Medium »",friendship,"['growing-up', 'colorado', 'travel-blog', 'boulder-colorado', 'friendship']",medium,2026-02-25
Day 1,https://medium.com/@kristenb51486/day-1-8c71b1265629?source=rss------friendship-5,"Wed, 25 Feb 2026 14:13:31 GMT",I saw him this morning. Stopped by the house with the intent of having a conversation. The words struggle to come out though. He’s in a…Continue reading on Medium »,friendship,"['relationships', 'heartbreak', 'friendship', 'love']",medium,2026-02-25
Why Engaged Men Keep “Close” Female Friends They Flirt With,https://medium.com/whymen/why-engaged-men-keep-close-female-friends-they-flirt-with-f7c935c6b62c?source=rss------friendship-5,"Wed, 25 Feb 2026 14:01:02 GMT","Often, it’s mere raw ego.Continue reading on Why Men »",friendship,"['psychology', 'dating', 'love', 'friendship', 'marriage']",medium,2026-02-25
When the Laughter Used to Be Collective,https://medium.com/mystic-minds/when-the-laughter-used-to-be-collective-adbd9023bde0?source=rss------love-5,"Wed, 25 Feb 2026 16:02:33 GMT",When did we start laughing all by ourselves?Continue reading on Mystic Minds »,love,"['life', 'mindfulness', 'relationships', 'family', 'love']",medium,2026-02-25
These Relationship Skills Will Keep Your Love Fresh Forever,https://medium.com/@lauramiller19/these-relationship-skills-will-keep-your-love-fresh-forever-bda37702dc94?source=rss------love-5,"Wed, 25 Feb 2026 16:01:07 GMT","Discover the proven techniques men use to build stronger, more passionate relationships that stand the test of timeContinue reading on Medium »",love,"['relationships', 'advice', 'love', 'dating', 'emotional']",medium,2026-02-25
The Return.,https://medium.com/@fraseryoung1234/the-return-2d53ed44334a?source=rss------love-5,"Wed, 25 Feb 2026 15:59:00 GMT",“I’ve changed though”Continue reading on Medium »,love,"['lost-love', 'love', 'short-story', 'flowers', 'relationships']",medium,2026-02-25
Always-On Adventures: SQL Server High Availability.,https://medium.com/@DBAJournal/always-on-adventures-sql-server-high-availability-97ebe9c9eced?source=rss------love-5,"Wed, 25 Feb 2026 15:57:27 GMT","In banks and enterprise environments, downtime can cost millions in lost transactions, frustrated customers, and regulatory fines. SQL…Continue reading on Medium »",love,"['life', 'love', 'database-administration', 'database', 'work']",medium,2026-02-25
Feminism is a scam,https://medium.com/@yournativefriend/feminism-is-a-scam-2243bc3bb59a?source=rss------love-5,"Wed, 25 Feb 2026 15:56:46 GMT","I, too, once fell for itContinue reading on Medium »",love,"['make-money-online', 'self-improvement', 'self-awareness', 'love', 'money']",medium,2026-02-25
“She”,https://medium.com/@aaryamane230/she-040719b9ed3e?source=rss------love-5,"Wed, 25 Feb 2026 15:55:06 GMT",Continue reading on Medium »,love,['love'],medium,2026-02-25
The number I wish I never saved,https://medium.com/@parvinamardiyeva/the-number-i-wish-i-never-saved-b897ad5671fa?source=rss------love-5,"Wed, 25 Feb 2026 15:54:41 GMT",Some numbers you wish you never savedContinue reading on Medium »,love,"['love', 'poetry', 'regret', 'writing']",medium,2026-02-25
Duniyadari,https://medium.com/@aaryamane230/duniyadari-217f92b1f75f?source=rss------love-5,"Wed, 25 Feb 2026 15:54:31 GMT",Continue reading on Medium »,love,['love'],medium,2026-02-25
"1 Paida hui toh ghar mein roshni si chaa gayi, Meri hansi se har dehleez muskura gayi.",https://medium.com/@n80872793/1-paida-hui-toh-ghar-mein-roshni-si-chaa-gayi-meri-hansi-se-har-dehleez-muskura-gayi-3deaa05fa420?source=rss------love-5,"Wed, 25 Feb 2026 15:53:09 GMT",— -Continue reading on Medium »,love,"['love', 'broken-heart']",medium,2026-02-25
There’s beauty in withering flowers.,https://medium.com/@jazzlieangelamagsombol/theres-beauty-in-withering-flowers-6156cc12fee6?source=rss------love-5,"Wed, 25 Feb 2026 15:52:42 GMT",from pinterestContinue reading on Medium »,love,"['writing', 'love']",medium,2026-02-25
Best Online Matrimony Services in India — Find Your Perfect Life Partner,https://medium.com/@muskanjalandhra42/best-online-matrimony-services-in-india-find-your-perfect-life-partner-b9ed5c3cf8e7?source=rss------marriage-5,"Wed, 25 Feb 2026 15:41:10 GMT","Finding a life partner is one of the most important decisions in life. In today’s digital era, the best online matrimony services in India…Continue reading on Medium »",marriage,"['marriage', 'indian-weddings', 'relationships', 'online-dating', 'online-matrimony']",medium,2026-02-25
Marriage Destroyers: 2 Toxic Habits That Ruin Relationships,https://medium.com/@austi-gene/marriage-destroyers-2-toxic-habits-that-ruin-relationships-c78b9ec36f3e?source=rss------marriage-5,"Wed, 25 Feb 2026 15:16:01 GMT",These Two Common Behaviors Can Destroy Even the Strongest MarriageContinue reading on Medium »,marriage,"['communication', 'love', 'advice', 'marriage', 'tips']",medium,2026-02-25
"Groom Disappears for 3 Hours on Wedding Day, Returns with a Shocking Proposal: “Let’s Leave Now”",https://medium.com/@wida_william/groom-disappears-for-3-hours-on-wedding-day-returns-with-a-shocking-proposal-lets-leave-now-8b1802709ae4?source=rss------marriage-5,"Wed, 25 Feb 2026 14:56:00 GMT","Wedding Day, Groom Disappears for 3 Hours, Returns and Tells Me: Let’s Go NowContinue reading on Medium »",marriage,"['relationships', 'love', 'courage', 'weddings', 'marriage']",medium,2026-02-25
I’d Do Anything for My Wife… Except Watch Lifetime Again,https://medium.com/the-haven/id-do-anything-for-my-wife-except-watch-lifetime-again-74685e01c0e5?source=rss------marriage-5,"Wed, 25 Feb 2026 14:49:08 GMT","One shared sick day, one innocent ‘mind if I keep this on’ and suddenly I’m trapped in a murder‑mystery fever dream with more suspects…Continue reading on The Haven »",marriage,"['relationships', 'pop-culture', 'humor', 'marriage', 'funny-story']",medium,2026-02-25
10 THINGS MATURE COUPLES NEVER POST ONLINE,https://medium.com/@sandraox115/10-things-mature-couples-never-post-online-03a44331b27b?source=rss------marriage-5,"Wed, 25 Feb 2026 14:35:04 GMT","Maturity in love is not about hiding
It is about protecting what is sacred
Not everything beautiful needs an audienceContinue reading on Medium »",marriage,"['marriage', 'life-lessons', 'dating', 'relationships', 'life']",medium,2026-02-25
Why Virginity Matters For Some Men Before Marriage,https://medium.com/@patelhimanshu22051988/why-virginity-matters-for-some-men-before-marriage-30c3c3198b80?source=rss------marriage-5,"Wed, 25 Feb 2026 14:26:22 GMT",Continue reading on Medium »,marriage,"['self-improvement', 'sexuality', 'medium', 'relationships', 'marriage']",medium,2026-02-25
The $2.99 Button I Shouldn’t Have Pushed,https://medium.com/never-stop-writing/the-2-99-button-i-shouldnt-have-pushed-933190a2f6d5?source=rss------marriage-5,"Wed, 25 Feb 2026 14:25:38 GMT","A simple dinner out, a seductive screen and my lifelong inability to resist anything that lights upContinue reading on Never Stop Writing »",marriage,"['reltionships', 'humor', 'technology', 'life-lessons', 'marriage']",medium,2026-02-25
"When Adults Avoid the Truth, Kids Pay the Price",https://medium.com/@theresebell89/when-adults-avoid-the-truth-kids-pay-the-price-4b26e26e9894?source=rss------marriage-5,"Wed, 25 Feb 2026 14:09:20 GMT",The hockey moment everyone is arguing about is actually about something much closer to homeContinue reading on Medium »,marriage,"['marriage', 'culture', 'parenting', 'relationships', 'emotional-intelligence']",medium,2026-02-25
Why Engaged Men Keep “Close” Female Friends They Flirt With,https://medium.com/whymen/why-engaged-men-keep-close-female-friends-they-flirt-with-f7c935c6b62c?source=rss------marriage-5,"Wed, 25 Feb 2026 14:01:02 GMT","Often, it’s mere raw ego.Continue reading on Why Men »",marriage,"['psychology', 'dating', 'love', 'friendship', 'marriage']",medium,2026-02-25
The Day I Chose to See My Husband Through Grace,https://medium.com/@gracefulwords/the-day-i-chose-to-see-my-husband-through-grace-fba06ec6e193?source=rss------marriage-5,"Wed, 25 Feb 2026 13:41:44 GMT","I used to notice everything my husband wasn’t doing — the small things, the big things. I thought I was justified in my frustration, never…Continue reading on Medium »",marriage,"['personal-growth', 'faith', 'marriage', 'relationships', 'love']",medium,2026-02-25
Swinging and Throuplehood as Empty Nesters: The Day is Coming Fast,https://medium.com/@MarriedtoLauren/swinging-and-throuplehood-as-empty-nesters-the-day-is-coming-fast-a8d2fac51e2f?source=rss------polyamory-5,"Wed, 25 Feb 2026 12:01:26 GMT","In a few months, it’ll just be the two — I mean three — of us living this wild lifestyleContinue reading on Medium »",polyamory,"['swingers', 'sexuality', 'relationships', 'nonmonogamy', 'polyamory']",medium,2026-02-25
Polyamory’s PR Team Should be Fired,https://missvalkyrie.medium.com/polyamorys-pr-team-should-be-fired-36bd15a6ddb9?source=rss------polyamory-5,"Mon, 23 Feb 2026 21:06:40 GMT",I recently saw a TikTok explaining how all polyamorous people “look like that”. You know the look.Continue reading on Medium »,polyamory,"['social-media', 'relationships', 'culture', 'nonmonogamy', 'polyamory']",medium,2026-02-25
Gay Open Relationships: What Works?,https://medium.com/@yamhalemail/gay-open-relationships-what-works-ee308eb9c2d9?source=rss------polyamory-5,"Mon, 23 Feb 2026 18:01:01 GMT",Open relationships are not new in the gay community. But they are still widely misunderstood.Continue reading on Medium »,polyamory,"['gay-relationships', 'open-relationships', 'gay-dating', 'queer-dating', 'polyamory']",medium,2026-02-25
Can I Be a Mother and a Swinger?,https://coachrosiekay.medium.com/can-i-be-a-mother-and-a-swinger-c9b53d31b43e?source=rss------polyamory-5,"Mon, 23 Feb 2026 15:56:25 GMT","A few years ago, I sat down with a couple where the female half asked me this exact question. My answer was an immediate, “Of course!” But…Continue reading on Medium »",polyamory,"['polyamory', 'relationships', 'nonmonogamy', 'family', 'sex']",medium,2026-02-25
"48% of Singles Want Parallel Relationships. Men, Run.",https://medium.com/@robert.mulokwa/48-of-singles-want-parallel-relationships-men-run-e511772ffb45?source=rss------polyamory-5,"Mon, 23 Feb 2026 14:01:01 GMT","Nearly half of singles want one partner for emotional needs and another for physical needs. Men, this is exactly the game they told you…Continue reading on Medium »",polyamory,"['relationships', 'dating', 'relationships-love-dating', 'polyamory', 'dating-advice']",medium,2026-02-25
Coming Out To My Parents As Polyamorous,https://medium.com/the-virago/coming-out-to-my-parents-as-polyamorous-7f1768579715?source=rss------polyamory-5,"Sun, 22 Feb 2026 20:11:00 GMT",I’m no longer “The Good Daughter” — and I’ve never been betterContinue reading on The Virago »,polyamory,"['lgbtq', 'relationships', 'polyamory', 'mental-health', 'self']",medium,2026-02-25
"I Signed Up for Orgasms, Not Oncology",https://medium.com/@dwanmarie/i-signed-up-for-orgasms-not-oncology-9ba32f67299f?source=rss------polyamory-5,"Fri, 20 Feb 2026 12:36:10 GMT",The Emotional Line No One Defines in Open RelationshipsContinue reading on Medium »,polyamory,"['polyamory', 'relationships-love-dating', 'marriage', 'nonmonogamy', 'ethical-non-monogamy']",medium,2026-02-25
A Date On The Calendar,https://medium.com/@MrPapageno/a-date-on-the-calendar-ceb12ca0ca70?source=rss------polyamory-5,"Thu, 19 Feb 2026 22:58:57 GMT",The notification appeared while I was making dinner.Continue reading on Medium »,polyamory,"['polyamory', 'marriage', 'dating', 'sex', 'relationships-love-dating']",medium,2026-02-25
The Overshare Spiral,https://medium.com/equality-includes-you/the-overshare-spiral-c656f8ed628f?source=rss------polyamory-5,"Thu, 19 Feb 2026 21:38:00 GMT","Polyamory is my lifestyle choice, not yours. And that’s OK.Continue reading on Equality Includes You »",polyamory,"['self', 'happiness', 'polyamory', 'polyamorous-relationship', 'love']",medium,2026-02-25
I Won’t Be a Masochist to Keep You,https://medium.com/polyamory-today/i-love-you-but-i-wont-have-sadistic-sex-to-keep-you-cb261ffc8364?source=rss------polyamory-5,"Thu, 19 Feb 2026 18:53:07 GMT",Even though losing you is its own kind of painContinue reading on Polyamory Today »,polyamory,"['dating', 'sexuality', 'polyamory', 'relationships', 'bdsm']",medium,2026-02-25
Here’s to Right Now,https://medium.com/@ashelleinad/heres-to-right-now-c247fa9f67e4?source=rss------dating-5,"Sat, 28 Feb 2026 23:36:00 GMT","Life is full of twists that I don’t expect. Maybe it’s because I live my life in a way that is open to things, but I am still surprised at…Continue reading on Medium »",dating,"['relationships', 'dating']",medium,2026-02-28
Why Is Confidence Attractive in Him but Questionable in Her?,https://medium.com/@pauldeboraheniola/why-is-confidence-attractive-in-him-but-questionable-in-her-02253deec293?source=rss------dating-5,"Sat, 28 Feb 2026 23:26:36 GMT",The Unspoken Dating RuleContinue reading on Medium »,dating,"['emotional-courage', 'gender-equality', 'dating', 'self-expression', 'breaking-norms']",medium,2026-02-28
Why He’s Pulling Away (And The Simple Shift That Brings Him Back),https://medium.com/@magneticlove/why-hes-pulling-away-and-the-simple-shift-that-brings-him-back-f21faca45b2f?source=rss------dating-5,"Sat, 28 Feb 2026 23:04:14 GMT",It doesn’t happen suddenly.Continue reading on Medium »,dating,"['dating-advice', 'dating', 'attraction', 'relationships-love-dating', 'relationships']",medium,2026-02-28
She Doesn’t Want To Be Worshipped. She Wants To Be Met.,https://thelimitlessman.medium.com/she-doesnt-want-to-be-worshipped-she-wants-to-be-met-bbc474f11906?source=rss------dating-5,"Sat, 28 Feb 2026 23:03:52 GMT",The man who pedestalizes women loses them. Every time. Without exception.Continue reading on Medium »,dating,"['attraction', 'dating', 'mindset', 'relationships', 'self-improvement']",medium,2026-02-28
Debunking 5 Pieces of Common Relationship and Dating Advice Given to Single People,https://medium.com/@sidd.s.pai/debunking-5-pieces-of-common-relationship-and-dating-advice-given-to-single-people-70df6fb20aa8?source=rss------dating-5,"Sat, 28 Feb 2026 22:59:54 GMT","This was an article I intended to post on/near Valentine’s Day, but I didn’t really come around to it because I’ve been busy with stuff. I…Continue reading on Medium »",dating,"['dating', 'relationships', 'mental-health', 'advice', 'life']",medium,2026-02-28
How To Make ANY Man Miss You BADLY! Even If He’s NOT Interested,https://medium.com/@magnetizeyourman/how-to-make-any-man-miss-you-badly-even-if-hes-not-interested-f21823145f1c?source=rss------dating-5,"Sat, 28 Feb 2026 21:40:15 GMT","7 feminine shifts that create real longing (without games, tactics, or chasing)Continue reading on Medium »",dating,"['marriage', 'relationships-love-dating', 'dating', 'relationships', 'relationship-advice']",medium,2026-02-28
The Real Reason a Man Stays on Her Mind Long After He’s Gone,https://medium.com/activated-thinker/the-real-reason-a-man-stays-on-her-mind-long-after-hes-gone-1f7866742fe4?source=rss------dating-5,"Sat, 28 Feb 2026 21:18:44 GMT",It’s never his looks — it’s the emotional fingerprint he leaves behind.Continue reading on Activated Thinker »,dating,"['dating', 'relationships', 'mental-health', 'psychology', 'love']",medium,2026-02-28
Conversation Starters That Make Women Instantly Attracted,https://medium.com/@heddascott/conversation-starters-that-make-women-instantly-attracted-585a4c26d049?source=rss------dating-5,"Sat, 28 Feb 2026 20:51:00 GMT",Discover the secret opening lines that capture her heart and keep her talkingContinue reading on Medium »,dating,"['advice', 'communication', 'relationships', 'dating', 'women']",medium,2026-02-28
Love on Loan: Why Modern Relationships Feel More Transactional Than Emotional?,https://medium.com/illumination/love-on-loan-why-modern-relationships-feel-more-transactional-than-emotional-3f2a9a2fdce5?source=rss------dating-5,"Sat, 28 Feb 2026 20:31:55 GMT",Love is now just a transaction.Continue reading on ILLUMINATION »,dating,"['relationships', 'transactions', 'love', 'relationships-love-dating', 'dating']",medium,2026-02-28
You Don’t Have to Be Always Available to Be Loved,https://medium.com/@dilaradd/you-dont-have-to-be-always-available-to-be-loved-075ae340648b?source=rss------dating-5,"Sat, 28 Feb 2026 19:54:49 GMT",Let’s talk about what healthy availability actually looks like.Continue reading on Medium »,dating,"['relationships-love-dating', 'relationships', 'dating-advice', 'dating', 'relationship-advice']",medium,2026-02-28
"Social Media, Internet Security, and Divorce: 5 Rules to Avoid Hurting Your Case",https://medium.com/@districtdivorcecoach/social-media-internet-security-and-divorce-5-rules-to-avoid-hurting-your-case-2a1e0574f5af?source=rss------divorce-5,"Sat, 28 Feb 2026 23:21:28 GMT","The internet defines more of who we are than most of us like to admit. Many men have spent years building online profiles, communities…Continue reading on Medium »",divorce,"['child-custody', 'mental-health', 'divorce', 'relationships', 'men-divorce']",medium,2026-02-28
Maintenance/Alimony and Retirement in an Illinois Divorce,https://medium.com/@russell_79868/maintenance-alimony-and-retirement-in-an-illinois-divorce-d074e950ac4c?source=rss------divorce-5,"Sat, 28 Feb 2026 22:35:09 GMT","In Illinois, maintenance (which used to be called “alimony”) is the division of finances between two spouses where the higher earning…Continue reading on Medium »",divorce,"['alimony', 'divorce-court', 'retirement', 'divorce-lawyer', 'divorce']",medium,2026-02-28
Changes,https://medium.com/@kristinamwinn001/changes-ea75c065e9aa?source=rss------divorce-5,"Sat, 28 Feb 2026 21:35:39 GMT","Summers don’t hold as much love, as much fun, for me anymore. I still love warm weather, longer days. Gone, though, is myself doing things…Continue reading on Medium »",divorce,"['focus-on-self', 'changes-in-life', 'divorce']",medium,2026-02-28
Divorced Single Women and Their Fates,https://medium.com/illumination/divorced-single-women-and-their-fates-7dc8e3cb41ac?source=rss------divorce-5,"Sat, 28 Feb 2026 21:01:40 GMT",The decisions and choices we make in difficult situations determine what our future will be like. It is not easy for divorced single women…Continue reading on ILLUMINATION »,divorce,['divorce'],medium,2026-02-28
Cruel husband,https://medium.com/@rh406332/cruel-husband-ac2eb03ee466?source=rss------divorce-5,"Sat, 28 Feb 2026 10:01:01 GMT",Part One: The UnravelingContinue reading on Medium »,divorce,"['divorce', 'life-lessons', 'relationships', 'marriage', 'short-story']",medium,2026-02-28
The Ugly Truth: Why Some People Marry Just to Divorce,https://medium.com/@nelly-scott/the-ugly-truth-why-some-people-marry-just-to-divorce-cb4ebe0f4cd8?source=rss------divorce-5,"Sat, 28 Feb 2026 09:06:00 GMT","Discover the shocking reasons why some people enter marriage with plans to leave, and how to protect your heartContinue reading on Medium »",divorce,"['psychology', 'divorce', 'relationships', 'marriage', 'advice']",medium,2026-02-28
Children Are Not Weapons,https://medium.com/the-shortform/children-are-not-weapons-124ff37150af?source=rss------divorce-5,"Sat, 28 Feb 2026 05:50:55 GMT",When love ends but responsibility remains: the invisible violence of using children in adult conflicts.Continue reading on The Shortform »,divorce,"['divorce', 'family', 'relationships', 'parenting', 'emotional-abuse']",medium,2026-02-28
The Divorce Process,https://medium.com/@mma0608/the-divorce-process-935b97ff2ffd?source=rss------divorce-5,"Sat, 28 Feb 2026 04:13:37 GMT","Beware of The Legal Process

I was shockingly surprised how the legal system turns greed and corruption so openly in divorces. I have now…Continue reading on Medium »",divorce,['divorce'],medium,2026-02-28
The Deep Comfort of True Belonging,https://medium.com/illumination/the-deep-comfort-of-true-belonging-4b1f4ab7f91c?source=rss------divorce-5,"Sat, 28 Feb 2026 01:27:28 GMT",AI-GeneratedContinue reading on ILLUMINATION »,divorce,"['bloom-of-beauty', 'divorce', 'feelings', 'illumination', 'love']",medium,2026-02-28
What’s On Your Ring Finger?,https://medium.com/the-challenged/whats-on-your-ring-finger-3ff8c806bd51?source=rss------divorce-5,"Fri, 27 Feb 2026 21:05:04 GMT",Not catering to social symbolismContinue reading on the Challenged »,divorce,"['writing-prompts', 'the-challenged', 'marriage', 'symbolism', 'divorce']",medium,2026-02-28
"Dear, my first lover",https://medium.com/@vincazy/dear-my-first-lover-6da1b6e6d62f?source=rss------friendship-5,"Sat, 28 Feb 2026 23:28:28 GMT",do you still think about me?Continue reading on Medium »,friendship,"['missing', 'wlw', 'first-love', 'friendship']",medium,2026-02-28
February!,https://medium.com/@azaleakhansa4/february-9a6cf09de468?source=rss------friendship-5,"Sat, 28 Feb 2026 23:03:38 GMT","Hi! selamat datang di lembar di bulan kedua tahun 2026, cukup abstrak tapi isinya mengesankan semuaContinue reading on Medium »",friendship,"['friendship', 'love', 'life']",medium,2026-02-28
SHE AND HE PART TWO,https://medium.com/@purrstories/she-and-he-part-two-6376796b677e?source=rss------friendship-5,"Sat, 28 Feb 2026 22:51:12 GMT",Wondering how far with their somewhat beautiful start?Continue reading on Medium »,friendship,"['friendship', 'writer', 'life', 'relationships']",medium,2026-02-28
ROMANCE IN FRIENDSHIPS.,https://medium.com/@toborwealth/romance-in-friendships-c058192c2e01?source=rss------friendship-5,"Sat, 28 Feb 2026 22:43:05 GMT",A scary yet thrilling experience.Continue reading on Medium »,friendship,"['love', 'friendship', 'life', 'poetry', 'music']",medium,2026-02-28
Our First Daughter.,https://medium.com/@scribblebyscarlett/our-first-daughter-fe16cbb20fc1?source=rss------friendship-5,"Sat, 28 Feb 2026 21:33:17 GMT","“Can you believe our baby is getting married?” Bimbo says it for the fifth time that morning, dabbing carefully at the corner of her eye…Continue reading on Medium »",friendship,"['fiction', 'short-story', 'creative-writing', 'chosen-family', 'friendship']",medium,2026-02-28
The Importance of Being An Older Cousin,https://medium.com/@laynarose/the-importance-of-being-an-older-cousin-2899c5ac780d?source=rss------friendship-5,"Sat, 28 Feb 2026 20:55:00 GMT","It was midnight when my phone buzzed, a familiar name lighting up the screen: Jon.Continue reading on Medium »",friendship,"['friendship', 'culture', 'family', 'relationships', 'life-lessons']",medium,2026-02-28
Six Things You Shouldn’t Get Mad At Your Friend For Saying,https://medium.com/hello-love/six-things-you-shouldnt-get-mad-at-if-your-friend-says-them-8fd48b793e53?source=rss------friendship-5,"Sat, 28 Feb 2026 20:50:44 GMT","Be mindfulContinue reading on Hello, Love »",friendship,"['relationships', 'friendship', 'personal-development', 'blogger', 'mindfulness']",medium,2026-02-28
One more coffee please,https://medium.com/@tejthota123/one-more-coffee-please-0834bafd2833?source=rss------friendship-5,"Sat, 28 Feb 2026 20:48:00 GMT",8:26 PMContinue reading on Medium »,friendship,"['love', 'short-story', 'friendship', 'coffee', 'lovestory']",medium,2026-02-28
I Don’t Call First Anymore,https://medium.com/illumination/i-dont-call-first-anymore-ac15baff8a87?source=rss------friendship-5,"Sat, 28 Feb 2026 20:37:42 GMT",What I thought was self-respectContinue reading on ILLUMINATION »,friendship,"['friendship', 'life-lessons', 'self-awareness', 'relationships', 'mental-health']",medium,2026-02-28
The SustainaClaus Saga,https://philipmcmaster.medium.com/the-sustainaclaus-saga-70b6b7deb6d3?source=rss------love-5,"Sat, 28 Feb 2026 23:39:14 GMT",Nothing’s Easy Until its Obvious. The Construction Years of ConscienceLAND (archived pages from GoFundMe.) Fall 2025.Continue reading on Medium »,love,"['care', 'love', 'support', 'cop30-belem']",medium,2026-02-28
Sajak Orang Haus,https://medium.com/@jiajia.fds/sajak-orang-haus-4e0421d5c6ee?source=rss------love-5,"Sat, 28 Feb 2026 23:38:29 GMT",Barangkali kau mauContinue reading on Medium »,love,"['writing', 'yearning', 'love']",medium,2026-02-28
Cântico de um último recurso de amor,https://medium.com/@baahfcampos/c%C3%A2ntico-de-um-%C3%BAltimo-recurso-de-amor-3c04e7efe7b1?source=rss------love-5,"Sat, 28 Feb 2026 23:21:31 GMT","O sol se apaga, o céu se faz de pedra,
O vento me toca, a alma se enreda.
A lua se esconde, sua face medra,
E nada sinto — só a noite me…Continue reading on Medium »",love,"['poetry', 'poem', 'death', 'unsent-letter', 'love']",medium,2026-02-28
What if the stars blinked back?,https://medium.com/@saguftaanchal/what-if-the-stars-blinked-back-10b7ee63bbf0?source=rss------love-5,"Sat, 28 Feb 2026 23:20:25 GMT","They say love is effortless,
It is in the woman at the bus stop
who fixes a child’s crooked scarfContinue reading on Medium »",love,"['creative-writing', 'poetry', 'love']",medium,2026-02-28
Star light ⭐️,https://medium.com/@biancafrancis980/star-light-%EF%B8%8F-04abe77fd2e5?source=rss------love-5,"Sat, 28 Feb 2026 23:19:33 GMT","She is magical, one of a kind.Continue reading on Medium »",love,['love'],medium,2026-02-28
Soul mates,https://medium.com/@biancafrancis980/soul-mates-cdd99ed8be36?source=rss------love-5,"Sat, 28 Feb 2026 23:18:17 GMT",Soul mates is real.Continue reading on Medium »,love,['love'],medium,2026-02-28
February!,https://medium.com/@azaleakhansa4/february-9a6cf09de468?source=rss------love-5,"Sat, 28 Feb 2026 23:03:38 GMT","Hi! selamat datang di lembar di bulan kedua tahun 2026, cukup abstrak tapi isinya mengesankan semuaContinue reading on Medium »",love,"['friendship', 'love', 'life']",medium,2026-02-28
Its time ❤️‍,https://medium.com/@karthiksrirame/its-time-%EF%B8%8F-1a66e156273e?source=rss------love-5,"Sat, 28 Feb 2026 22:59:37 GMT",.Continue reading on Medium »,love,"['love', 'relationships', 'life', 'writing', 'mental-health']",medium,2026-02-28
“Somewhere between dreams and reality”,https://medium.com/@zeina00qasem/somewhere-between-dreams-and-reality-a8ddb0c3fd21?source=rss------love-5,"Sat, 28 Feb 2026 22:53:35 GMT",Somewhere between dreams and realityContinue reading on Medium »,love,"['poem', 'love']",medium,2026-02-28
The Algorithm Will Never Find These Men — and the Five Life Lessons That Will Outlast Us All,https://medium.com/@alphasanford/the-algorithm-will-never-find-these-men-and-the-five-life-lessons-that-will-outlast-us-all-17ded794510c?source=rss------love-5,"Sat, 28 Feb 2026 22:51:19 GMT",By Alpha SanfordContinue reading on Medium »,love,"['lifestyle', 'education', 'personal-development', 'happiness', 'love']",medium,2026-02-28
Minor Inconvenience or Moral Crisis? (Spoiler: It’s a Moral Crisis),https://medium.com/@maddy.laporta/minor-inconvenience-or-moral-crisis-spoiler-its-a-moral-crisis-c24640e93a06?source=rss------marriage-5,"Sat, 28 Feb 2026 22:17:53 GMT",I don’t speed. Let’s get that established right away. I am not a speeder. I am not even speed-adjacent. I’m the person who gently coasts…Continue reading on Medium »,marriage,"['life', 'parenting', 'self-awareness', 'marriage', 'humor']",medium,2026-02-28
"6 Signs a Man Truly Cherishes His Wife — If You See Even One, You’ve Found Gold",https://medium.com/@riva-smith/6-signs-a-man-truly-cherishes-his-wife-if-you-see-even-one-youve-found-gold-25ddde36f244?source=rss------marriage-5,"Sat, 28 Feb 2026 22:16:00 GMT","Discover the telltale behaviors that separate ordinary relationships from truly loving, supportive marriagesContinue reading on Medium »",marriage,"['happiness', 'advice', 'relationships', 'marriage', 'love']",medium,2026-02-28
Smart Women Never Share These 3 Things with Their Husbands,https://medium.com/@vera-byron/smart-women-never-share-these-3-things-with-their-husbands-67a27741b133?source=rss------marriage-5,"Sat, 28 Feb 2026 22:06:00 GMT",Protect your relationship by maintaining healthy boundaries and personal spaceContinue reading on Medium »,marriage,"['women', 'relationships', 'marriage', 'advice', 'independence']",medium,2026-02-28
The Five Words That Will Transform Your Marriage Forever,https://medium.com/@florareggie/the-five-words-that-will-transform-your-marriage-forever-09360e0b60b6?source=rss------marriage-5,"Sat, 28 Feb 2026 22:06:00 GMT",A daughter’s emotional journey from childhood trauma to discovering the ultimate secret of lasting relationshipsContinue reading on Medium »,marriage,"['family', 'marriage', 'love', 'parenting', 'relationships']",medium,2026-02-28
Why Emotionally Safe Love Is So Rare Even for Smart Women,https://medium.com/@SusanAllanHeartspace/why-emotionally-safe-love-is-so-rare-even-for-smart-women-d54838486879?source=rss------marriage-5,"Sat, 28 Feb 2026 21:52:18 GMT",Emotionally safe love sounds simple.Continue reading on Medium »,marriage,"['dating-advice', 'marriage', 'self-improvement', 'relationships', 'emotional-intelligence']",medium,2026-02-28
How To Make ANY Man Miss You BADLY! Even If He’s NOT Interested,https://medium.com/@magnetizeyourman/how-to-make-any-man-miss-you-badly-even-if-hes-not-interested-f21823145f1c?source=rss------marriage-5,"Sat, 28 Feb 2026 21:40:15 GMT","7 feminine shifts that create real longing (without games, tactics, or chasing)Continue reading on Medium »",marriage,"['marriage', 'relationships-love-dating', 'dating', 'relationships', 'relationship-advice']",medium,2026-02-28
"When your world turns upside-down, stand on your head and smile",https://medium.com/@barneylerten/when-your-world-turns-upside-down-stand-on-your-head-and-smile-ccb2c613ba12?source=rss------marriage-5,"Sat, 28 Feb 2026 21:39:01 GMT","Sure, an upside-down smile looks like a frown. But God knows better.Continue reading on Medium »",marriage,"['marriage', 'health', 'cancer', 'comedy', 'love']",medium,2026-02-28
"The Snow Scare, Part II",https://carriemcconkey.medium.com/the-snow-scare-part-ii-64e2cd87d893?source=rss------marriage-5,"Sat, 28 Feb 2026 21:32:52 GMT",Decade N° 5: A Not-so-Average Blog on Middle AgeContinue reading on Medium »,marriage,"['turning-50', 'marriage', 'retirement', 'middle-age', 'midlife-reflection']",medium,2026-02-28
Why Cheating Husbands Always Come Home: The Shocking Truth,https://medium.com/@UnaTolkien/why-cheating-husbands-always-come-home-the-shocking-truth-ebf228345eb7?source=rss------marriage-5,"Sat, 28 Feb 2026 21:21:00 GMT",Discover the 4 psychological reasons why men with affairs choose to return home to their wivesContinue reading on Medium »,marriage,"['affairs', 'emotional', 'cheating', 'marriage', 'relationships']",medium,2026-02-28
The True Cost of Divorce: Finding Strength When Your Marriage Falls Apart,https://medium.com/@DaphneLaffer/the-true-cost-of-divorce-finding-strength-when-your-marriage-falls-apart-fdf8bce5dc4a?source=rss------marriage-5,"Sat, 28 Feb 2026 21:06:00 GMT",Discover why divorce might be the best thing that ever happened to you and how to rebuild your life with purposeContinue reading on Medium »,marriage,"['marriage', 'emotional', 'love', 'respect', 'relationships']",medium,2026-02-28
UKPA February 2026 update,https://medium.com/@trustees_57837/ukpa-february-2026-update-643efdfc3e20?source=rss------polyamory-5,"Sat, 28 Feb 2026 14:38:41 GMT","Hi everyone,Continue reading on Medium »",polyamory,"['polyamory', 'uk', 'ethical-non-monogamy']",medium,2026-02-28
What Is Compersion? The Emotion That Makes Jealousy Look Outdated,https://medium.com/@daniele.franchi/what-is-compersion-the-emotion-that-makes-jealousy-look-outdated-860cf204d0db?source=rss------polyamory-5,"Sat, 28 Feb 2026 05:36:00 GMT","An empathic state of joy you feel when your partner is happy with someone else. No, it's not a coping mechanism. It's actually a thing.Continue reading on Medium »",polyamory,"['sex', 'mental-health', 'relationships', 'polyamory']",medium,2026-02-28
Polyamory is a setback in human evolution,https://medium.com/@discantvaleria/polyamory-is-a-setback-in-human-evolution-20b373531e2e?source=rss------polyamory-5,"Fri, 27 Feb 2026 11:21:33 GMT","Millions of years ago, one of our ancestors that changed the rollout of our history — hominids, were facing a fundamental shift in their…Continue reading on Medium »",polyamory,['polyamory'],medium,2026-02-28
"⚖️ المحامي الشرعي أحمد عوض الجراح
متخصص في قضايا الأسرة والأحوال الشخصية، وزواج وطلاق العرب…",https://medium.com/@omaraljrrah73/%EF%B8%8F-%D8%A7%D9%84%D9%85%D8%AD%D8%A7%D9%85%D9%8A-%D8%A7%D9%84%D8%B4%D8%B1%D8%B9%D9%8A-%D8%A3%D8%AD%D9%85%D8%AF-%D8%B9%D9%88%D8%B6-%D8%A7%D9%84%D8%AC%D8%B1%D8%A7%D8%AD-%D9%85%D8%AA%D8%AE%D8%B5%D8%B5-%D9%81%D9%8A-%D9%82%D8%B6%D8%A7%D9%8A%D8%A7-%D8%A7%D9%84%D8%A3%D8%B3%D8%B1%D8%A9-%D9%88%D8%A7%D9%84%D8%A3%D8%AD%D9%88%D8%A7%D9%84-%D8%A7%D9%84%D8%B4%D8%AE%D8%B5%D9%8A%D8%A9-%D9%88%D8%B2%D9%88%D8%A7%D8%AC-%D9%88%D8%B7%D9%84%D8%A7%D9%82-%D8%A7%D9%84%D8%B9%D8%B1%D8%A8-83a9071e9729?source=rss------polyamory-5,"Fri, 27 Feb 2026 10:32:57 GMT",Continue reading on Medium »,polyamory,"['bdsm', 'marriage', 'love', 'erotica', 'polyamory']",medium,2026-02-28
Messy Lists are Overrated. This is What You Need,https://medium.com/@polyamorymentor/messy-lists-are-overrated-this-is-what-you-need-223a6120c100?source=rss------polyamory-5,"Thu, 26 Feb 2026 21:31:20 GMT",The uncomfortable question messy lists avoid.Continue reading on Medium »,polyamory,"['nonmonogamy', 'polyamory', 'relationships-love-dating', 'relationships', 'relationship-advice']",medium,2026-02-28
